{
  "timestamp": "2026-02-01T14:42:57.598393",
  "filename": "detection_20260201_144257.jpg",
  "detection_count": 4,
  "detections": [
    {
      "centroid": [
        663,
        1021
      ],
      "area": 130,
      "bounding_box": [
        657,
        1011,
        15,
        21
      ],
      "confidence": 0.00325
    },
    {
      "centroid": [
        668,
        1002
      ],
      "area": 123,
      "bounding_box": [
        657,
        999,
        26,
        10
      ],
      "confidence": 0.0030875
    },
    {
      "centroid": [
        722,
        990
      ],
      "area": 70,
      "bounding_box": [
        714,
        985,
        17,
        11
      ],
      "confidence": 0.0017625
    },
    {
      "centroid": [
        562,
        911
      ],
      "area": 115,
      "bounding_box": [
        558,
        899,
        9,
        26
      ],
      "confidence": 0.002875
    }
  ]
}