{
  "timestamp": "2026-02-01T14:42:56.250399",
  "filename": "detection_20260201_144256.jpg",
  "detection_count": 4,
  "detections": [
    {
      "centroid": [
        662,
        1020
      ],
      "area": 175,
      "bounding_box": [
        652,
        1011,
        22,
        20
      ],
      "confidence": 0.004375
    },
    {
      "centroid": [
        669,
        1002
      ],
      "area": 121,
      "bounding_box": [
        658,
        999,
        25,
        10
      ],
      "confidence": 0.003025
    },
    {
      "centroid": [
        722,
        990
      ],
      "area": 73,
      "bounding_box": [
        714,
        985,
        17,
        11
      ],
      "confidence": 0.001825
    },
    {
      "centroid": [
        562,
        913
      ],
      "area": 96,
      "bounding_box": [
        558,
        904,
        9,
        21
      ],
      "confidence": 0.0024125
    }
  ]
}