{
  "timestamp": "2026-02-01T14:53:06.884824",
  "filename": "detection_20260201_145306.jpg",
  "detection_count": 4,
  "detections": [
    {
      "centroid": [
        312,
        1034
      ],
      "area": 1757,
      "bounding_box": [
        293,
        976,
        42,
        104
      ],
      "confidence": 0.0439375
    },
    {
      "centroid": [
        277,
        958
      ],
      "area": 290,
      "bounding_box": [
        266,
        949,
        21,
        22
      ],
      "confidence": 0.00725
    },
    {
      "centroid": [
        589,
        870
      ],
      "area": 201,
      "bounding_box": [
        575,
        863,
        29,
        18
      ],
      "confidence": 0.0050375
    },
    {
      "centroid": [
        600,
        803
      ],
      "area": 424,
      "bounding_box": [
        584,
        786,
        35,
        43
      ],
      "confidence": 0.0106
    }
  ]
}